id,smiles,notes,params_json
44143347,C1=CC=C(C=C1)N2C=C(N=N2)CNC3=CC4=C(C(=CN=C4C(=C3)Cl)C#N)NC5=CC(=C(C=C5)F)Cl,,
44143348,C1=CC=C(C=C1)CN2C=C(N=N2)CNC3=CC4=C(C(=CN=C4C(=C3)Cl)C#N)NC5=CC(=C(C=C5)F)Cl,,
44143349,C1=CC(=C(C=C1NC2=C3C=C(C=C(C3=NC=C2C#N)Cl)NCC4=CN(N=N4)CC(=O)O)Cl)F,,
44143351,C1=CC(=CN=C1)CN2C=C(N=N2)CNC3=CC4=C(C(=CN=C4C(=C3)Cl)C#N)NC5=CC(=C(C=C5)F)Cl,,
44143352,CC(C)(C)N1C=C(N=N1)CNC2=CC3=C(C(=CN=C3C(=C2)Br)C#N)NC4=CC(=C(C=C4)F)Cl,,
44143354,C1=CC(=C(C=C1NC2=C3C=C(C=C(C3=NC=C2C#N)Br)NCC4=CN(N=N4)CC(=O)O)Cl)F,,
44143356,C1=CC(=CN=C1)CN2C=C(N=N2)CNC3=CC4=C(C(=CN=C4C(=C3)Br)C#N)NC5=CC(=C(C=C5)F)Cl,,
44143357,C1=CC(=C(C=C1NC2=C3C=C(C=C(C3=NC=C2C#N)Cl)NCC4=CN(N=N4)CC5=CC=NC=C5)Cl)F,,
44143358,C1=CC=NC(=C1)CN2C=C(N=N2)CNC3=CC4=C(C(=CN=C4C(=C3)Cl)C#N)NC5=CC(=C(C=C5)F)Cl,,
44143359,C1=CC(=CN=C1)N2C=C(N=N2)CNC3=CC4=C(C(=CN=C4C(=C3)Cl)C#N)NC5=CC(=C(C=C5)F)Cl,,
44143360,C1=CC(=C(C=C1NC2=C3C=C(C=C(C3=NC=C2C#N)Cl)NCC4=CN(N=N4)C5=CC=NC=C5)Cl)F,,
44143362,C1=CC(=C(C=C1NC2=C3C=C(C=C(C3=NC=C2C#N)Cl)NCC4=CN(N=N4)CCCN)Cl)F,,
44143363,CN(C)CCN1C=C(N=N1)CNC2=CC3=C(C(=CN=C3C(=C2)Cl)C#N)NC4=CC(=C(C=C4)F)Cl,,
44143364,C1CCN(CC1)CCN2C=C(N=N2)CNC3=CC4=C(C(=CN=C4C(=C3)Cl)C#N)NC5=CC(=C(C=C5)F)Cl,,
44143365,C1COCCN1CCN2C=C(N=N2)CNC3=CC4=C(C(=CN=C4C(=C3)Cl)C#N)NC5=CC(=C(C=C5)F)Cl,,
44143366,CN1CCCC1CCN2C=C(N=N2)CNC3=CC4=C(C(=CN=C4C(=C3)Cl)C#N)NC5=CC(=C(C=C5)F)Cl,,
44143367,CCN1CCC(CC1)CCN2C=C(N=N2)CNC3=CC4=C(C(=CN=C4C(=C3)Cl)C#N)NC5=CC(=C(C=C5)F)Cl,,
44143368,C1CNCCC1N2C=C(N=N2)CNC3=CC4=C(C(=CN=C4C(=C3)Cl)C#N)NC5=CC(=C(C=C5)F)Cl,,
44143369,CN1CCC(CC1)N2C=C(N=N2)CNC3=CC4=C(C(=CN=C4C(=C3)Cl)C#N)NC5=CC(=C(C=C5)F)Cl,,
44143370,CCN1CCC(CC1)N2C=C(N=N2)CNC3=CC4=C(C(=CN=C4C(=C3)Cl)C#N)NC5=CC(=C(C=C5)F)Cl,,
44143371,CCCN1CCC(CC1)N2C=C(N=N2)CNC3=CC4=C(C(=CN=C4C(=C3)Cl)C#N)NC5=CC(=C(C=C5)F)Cl,,
44143372,CC(C)N1CCC(CC1)N2C=C(N=N2)CNC3=CC4=C(C(=CN=C4C(=C3)Cl)C#N)NC5=CC(=C(C=C5)F)Cl,,
44143373,C1CC(C1)N2CCC(CC2)N3C=C(N=N3)CNC4=CC5=C(C(=CN=C5C(=C4)Cl)C#N)NC6=CC(=C(C=C6)F)Cl,,
44143376,CCOCCCO[C@H]([C@@H]1CCCN(C1)C(=O)N[C@@H](CC2CCCCC2)CN)C3=CC(=CC=C3)Cl,,
44143378,CNC[C@H](CC1CCCCC1)NC(=O)N2CCC[C@H](C2)[C@H](C3=CC(=CC=C3)F)OCCCOC,,
44143379,CNC[C@H](CC1CCCCC1)NC(=O)N2CCC[C@H](C2)[C@H](C3=C(C(=CC=C3)Cl)F)OCCCOC,,
44143380,CNC[C@H](CC1CCCCC1)NC(=O)N2CCC[C@H](C2)[C@H](C3=C(C(=CC=C3)Cl)Cl)OCCCOC,,
44143382,CCOCCCO[C@H]([C@@H]1CCCN(C1)C(=O)N[C@@H](CC2CCCCC2)CNC)C3=CC(=CC=C3)Cl,,
44143383,CCOCCCO[C@H]([C@@H]1CCCN(C1)C(=O)N[C@@H](CC2CCCCC2)CNC)C3=CC(=CC=C3)F,,
44143384,CCOCCCO[C@H]([C@@H]1CCCN(C1)C(=O)N[C@@H](CC2CCCCC2)CNC)C3=C(C(=CC=C3)Cl)Cl,,
44143387,CNC[C@H](CC1CCCCC1)NC(=O)N2CCC[C@H](C2)[C@@](CCCCO)(C3=CC(=CC=C3)Cl)O,,
44143390,CNC[C@H](CC1CCCCC1)NC(=O)N2CCC[C@H](C2)[C@@](CCCCOC)(C3=CC=CC=C3Cl)O,,
44143391,CNC[C@H](CC1CCCCC1)NC(=O)N2CCC[C@H](C2)[C@@](CCCCOC)(C3=CC=CC=C3F)O,,
44143395,CNC[C@H](CC1CCCCC1)NC(=O)N2CCC[C@H](C2)[C@@](CCCCOC)(C3=CC(=CC=C3)F)O,,
44143396,CNC[C@H](CC1CCCCC1)NC(=O)N2CCC[C@H](C2)[C@@](CCCCOC)(C3=CC(=CC=C3)Br)O,,
44143398,CNC[C@H](CC1CCCCC1)NC(=O)N2CCC[C@H](C2)[C@@](CCCCOC)(C3=CC(=CC=C3)C(F)(F)F)O,,
44143399,CNC[C@H](CC1CCCCC1)NC(=O)N2CCC[C@H](C2)[C@@](CCCCOC)(C3=CC(=CC=C3)OC(F)(F)F)O,,
44143400,CCNC[C@H](CC1CCCCC1)NC(=O)N2CCC[C@H](C2)[C@@](CCCCOC)(C3=CC(=CC=C3)Cl)O,,
44143401,COCCCC[C@]([C@@H]1CCCN(C1)C(=O)N[C@@H](CC2CCCCC2)CNCC(F)(F)F)(C3=CC(=CC=C3)Cl)O,,
44143402,CNC[C@H](CC1CCCCC1)NC(=O)N2CCC[C@H](C2)[C@@](CCCCOC)(C3=C(C(=CC=C3)F)F)O,,
44143403,CNC[C@H](CC1CCCCC1)NC(=O)N2CCC[C@H](C2)[C@@](CCCCOC)(C3=C(C(=CC=C3)Cl)F)O,,
44143404,CC1=CC(=C(C=C1)F)[C@](CCCCOC)([C@@H]2CCCN(C2)C(=O)N[C@@H](CC3CCCCC3)CNC)O,,
44143405,CNC[C@H](CC1CCCCC1)NC(=O)N2CCC[C@H](C2)[C@@](CCCCOC)(C3=CC(=CC(=C3)Cl)F)O,,
44143420,CCC1=NC=C(C=C1)C2=C(C(=NN2C3=C(C=CC=N3)Cl)CNC4CCCC4)C,,
44143428,CC1=NC=C(C=C1)C2=C(C(=NN2C3=C(C=CC=N3)Cl)CN[C@H]4CC[C@H](C4)F)C,,
44143431,CC1=C(N(N=C1CN[C@H]2CC[C@H](C2)F)C3=C(C=CC=N3)Cl)C4=CC(=C(N=C4)C)F,,
44143432,CCN1CCN(CC1)C2=C(C=C3C(=C2)N=C(N3)SC4(CCC(CC4)NC(=O)OC)C)Cl,,
44143433,CCN1CCN(CC1)C2=C(C=C3C(=C2)N=C(N3)SC4(CCC(CC4)N(C)C(=O)C)C)Cl,,
44143437,CCC1(CCC(CC1)(C)O)C(=O)C2=NC3=CC(=C(C=C3N2)Cl)N4CCN(CC4)CC,,
44143450,CCN1CCN(CC1)C2=C(C=C3C(=C2)N=C(N3)SC4(CCC(CC4)N5CCCC5=O)C)Cl,,
44143451,CCN1CCN(CC1)C2=C(C=C3C(=C2)N=C(N3)SC4(CCC(CC4)C(=O)NC)C)Cl,,
44143453,CCN1CCN(CC1)C2=C(C=C3C(=C2)N=C(N3)SC4(CCC(CC4)C5=NN(N=N5)C)C)Cl,,
44143455,CCN1CCN(CC1)C2=C(C=C3C(=C2)N=C(N3)SC4(CCC(CC4)C5=NC(=NO5)C)C)Cl,,
44143456,CCN1CCN(CC1)C2=C(C=C3C(=C2)N=C(N3)SC4(CCC(CC4)C5=NN=CO5)C)Cl,,
44143461,COC1=C(C=C(C=C1)C2=NN3C(=NN=C3SC2)C4=CC=CC=C4Cl)O[C@@H]5CCOC5,,
44143462,COC1=C(C=C(C=C1)C2=NN3C(=NN=C3SC2)C4=CC=CC=C4F)O[C@@H]5CCOC5,,
44143463,COC1=C(C=C(C=C1)C2=NN3C(=NN=C3SC2)C4=CC=CC=C4C(F)(F)F)OC,,
44143464,COC1=C(C=C(C=C1)C2=NN3C(=NN=C3SC2)C4=CC=CC=C4C(F)(F)F)OC5CCCC5,,
44143465,COC1=C(C=C(C=C1)C2=NN3C(=NN=C3SC2)C4=CC=CC=C4C(F)(F)F)OCC5CC5,,
44143466,COC1=C(C=C(C=C1)C2=NN3C(=NN=C3SC2)C4=CC=CC=C4C(F)(F)F)O[C@@H]5CCOC5,,
44143472,COC1=CC(=C(C=C1)F)CCCC2CCC(O2)CCNCCCCCN3C(=O)C4CC=CCC4C(=N3)C5=CC(=C(C=C5)OC)OC,,
44143473,COC1=C(C=C(C=C1)F)CCCC2CCC(O2)CCN,,
44143494,CN(C1CC1)C2=NC3=C(N2)C=C(C=C3)NC(=O)CCC4=CC=C(C=C4)C(F)(F)F,,
44143495,CN(C1CCCC1)C2=NC3=C(N2)C=C(C=C3)NC(=O)CCC4=CC=C(C=C4)C(F)(F)F,,
44143496,CN(C1CCCCC1)C2=NC3=C(N2)C=C(C=C3)NC(=O)CCC4=CC=C(C=C4)C(F)(F)F,,
44143497,CN(C1CCOC1)C2=NC3=C(N2)C=C(C=C3)NC(=O)CCC4=CC=C(C=C4)C(F)(F)F,,
44143498,CC(=O)N1CCC(C1)N(C)C2=NC3=C(N2)C=C(C=C3)NC(=O)CCC4=CC=C(C=C4)C(F)(F)F,,
44143499,CN1CCC(CC1)N(C)C2=NC3=C(N2)C=C(C=C3)NC(=O)CCC4=CC=C(C=C4)C(F)(F)F,,
44143500,CCN(C1CCCCC1)C2=NC3=C(N2)C=C(C=C3)NC(=O)CCC4=CC=C(C=C4)C(F)(F)F,,
44143502,CC(C)N(C)C1=NC2=C(N1)C=C(C=C2)NC(=O)CCC3=NC=C(C=C3)C(F)(F)F,,
44143595,CC(C)(C)OC(=O)N1CCC(CC1)[C@H](C(=O)O)NS(=O)(=O)C2=CC=C(C=C2)C3=CC=C(C=C3)F,,
44143604,CC(C)OC(=O)N1CCC(CC1)[C@H](C(=O)O)NS(=O)(=O)C2=CC=C(S2)C3=CC=C(C=C3)OC(F)(F)F,,
44143609,CC(C)OC(=O)N1CCC(CC1)[C@H](C(=O)O)NS(=O)(=O)C2=CC=C(S2)C3=CC=C(C=C3)C(F)(F)F,,
44144381,C1C[C@H](N(C1)C(=O)[C@@H](CCCN=C(N)N)NS(=O)(=O)CC2=CC=CC=C2)C(=O)NCC3=C(C=CC(=C3)Cl)CN,,
44146693,C[C@H]1CC2=C([C@@H]1NC3=NC(=NC(=N3)N)C(C)F)C=C(C=C2)C,,
44147212,C1C[C@H](N(C1)C(=O)[C@H](CCCCN)N[C@@H](CCC2=CC=CC=C2)C(=O)O)C(=O)O.C1NC2=CC(=C(C=C2S(=O)(=O)N1)S(=O)(=O)N)Cl,,
44148070,C[N+]1=C2C(=C3C=CC4=C(C3=C1)OCO4)C=CC5=CC6=C(C=C52)OCO6.C[N+]1=C2C(=C3C=CC(=C(C3=C1)OC)OC)C=CC4=CC5=C(C=C42)OCO5.[Cl-].[Cl-],,
44151788,C1=C2C(=C(C(=C1Br)Br)Br)C3=C(C(=C(C=C3O2)Br)Br)Br,,
44151818,COC1=CC=CC=C1N\2CCS/C2=C(/C#N)\SC3=C(C=CC(=C3)C(F)(F)F)F,,
44152410,C1=C(C(=O)NC(=O)N1C[C@@H](C(=O)O)N)Cl,,
44152416,C1=C2C(=C(C(=C1Br)Br)Br)C3=C(O2)C(=C(C(=C3Br)Br)Br)Br,,
44155200,C1CN2C3=C(C=C(C=C3)C4=NOC(=N4)C5=CC(=C(C=C5)OC(F)(F)F)C#N)C=C2C1CC(=O)O,,
44155856,C1=CC(=CC=C1C2=CNC=C(C2=O)C(=O)NC3=CC(=C(C=C3)OC4=C(C(=NC=C4)N)Cl)F)F,,
44155994,CC1=CC(=NC2=C(C(=NN12)SC)S(=O)(=O)C3=CC(=CC=C3)Cl)C,,
44156157,C1COCC=C1C2=C3C=NN(C3=NC(=N2)C4=CC=C(C=C4)NC(=O)NCCF)CC(F)(F)F,,
44156622,CC1=CC(=NC2=C(C(=NN12)NC)S(=O)(=O)C3=CC=C(C=C3)F)C,,
44156624,CC1=CC(=NC2=C(C(=NN12)NC)S(=O)(=O)C3=CC=CC(=C3)F)C,,
44156626,CC1=CC(=NC2=C(C(=NN12)NC)S(=O)(=O)C3=CC(=CC=C3)Cl)C,,
44156901,CN1C[C@@H]2[C@H](C1)C2CN(CC3=CC(=C(C=C3)F)Cl)C(=O)C4=CN(C=N4)C,,
44157043,CC(C)SC1=CC(=C(C=C1)C#N)C(F)(F)F,,
44157329,CCOC(=O)C1=C(NC2=C1C=C(C3=CC=CC=C32)O)NC4=CC(=CC=C4)Cl,,
44157331,COC(=O)C1=C(NC2=C1C=C(C=C2)Cl)NC3=CC(=CC=C3)Cl,,
44157408,C1=CC2=C(C=C(C(=O)N2)O)C(=C1)Cl,,
44157479,CCOC(=O)C1=C(NC2=C1C=C(C=C2)O)CC3=CC(=CC=C3)Cl,,
44157480,CCOC(=O)C1=C(NC2=C1C=C(C=C2)O)CC3=CC=C(C=C3)Cl,,
44157481,CCOC(=O)C1=C(NC2=C1C=C(C=C2)O)CCC3=CC(=CC=C3)Cl,,
44157483,CCOC(=O)C1=C(NC2=C1C=C(C3=CC=CC=C32)O)CC4=CC=CC=C4Cl,,
44157484,CCOC(=O)C1=C(NC2=C1C=C(C3=CC=CC=C32)O)CC4=CC=C(C=C4)F,,
44157495,C1=CC2=C(C(=C1)F)NC(=O)C(=C2)O,,
44157496,C1=CC2=C(C=C1F)NC(=O)C(=C2)O,,
44157497,C1=CC2=C(C=C(C(=O)N2)O)C(=C1)F,,
44157553,CCOC(=O)C1=C(NC2=C1C=C(C3=CC=CC=C32)O)CC4=CC=C(C=C4)Br,,
44157557,CCOC(=O)C1=C(N(C2=C1C=C(C3=CC=CC=C32)O)CC4=CC=CC=C4)CC5=CC=C(C=C5)Cl,,
44157572,C1=CC(=C(C2=C1NC(=O)C(=C2)O)Cl)F,,
44157625,CN1C(=CC(=N1)C2=CC3=C(C[C@@H]4CC[C@H](C3)[C@@]45CN(S(=O)(=O)N5)CC(F)(F)F)C=C2)C6=CC(=CC=C6)F,,
44157724,CCOC(=O)C1=C(NC2=C1C=C(C=C2)O)CCC3=CC=C(C=C3)Cl,,
44157725,CCOC(=O)C1=C(NC2=C1C=C(C3=CC=CC=C32)O)CC4=CC(=CC=C4)Cl,,
44157745,CC1CCC(CC1)NC(=O)C2=CC3=C(N=CC=C3)N(C2=O)CC4=CC=C(C=C4)F,,
44157824,CCOC(=O)C1=C(NC2=C1C=C(C3=CC=CC=C32)O)CC4=CC=C(C=C4)Cl,,
44157825,CCOC(=O)C1=C(NC2=C1C=C(C3=CC=CC=C32)O)CC4=CC(=CC=C4)F,,
44157826,CCOC(=O)C1=C(NC2=C1C=C(C3=CC=CC=C32)O)CC4=CC(=CC=C4)Br,,
44157829,CCOC(=O)C1=C(NC2=C1C=C(C3=CC=CC=C32)O)C4=CC(=CC=C4)Cl,,
44157927,C1=CC=C(C=C1)COC(=O)C2=C(NC3=C2C=C(C4=CC=CC=C43)O)CC5=CC(=CC=C5)Cl,,
44157928,C1=CC=C(C=C1)COC(=O)C2=C(NC3=C2C=C(C4=CC=CC=C43)O)CC5=CC=C(C=C5)Cl,,
44157930,CCOC(=O)C1=C(NC2=C3C=CC=NC3=C(C=C12)O)CC4=CC(=CC=C4)Cl,,
44157976,C1=CC=C(C=C1)COC(=O)NCCS(=O)(=O)F,,
44158492,CCN(CC1=C(C=CC(=C1)C(F)(F)F)C2=C(C=CC(=C2)CC(=O)O)OC)C(=O)NCC3=CC=CC=C3,,
44158545,C1CC2(CCC1CNC3=NC=C(C=N3)C4=CC=CC=C4F)CN(C(=O)O2)C5=CC=CC=N5,,
44158762,C1CC2(CCC1CNC3=NN=C(C=C3)C4=CC=CC=C4F)CN(C(=O)O2)C5=CC=CC=N5,,
44158763,C1CC2(CCC1CNC3=NN=C(C=C3)C4=CC(=CC(=C4)F)F)CN(C(=O)O2)C5=NN=CC=C5,,
44158825,CCN(CC1=C(C=CC(=C1)F)C2=C(C=CC(=C2)CC(=O)O)OC)C(=O)OCC3=CC=CC=C3,,
44159000,CCC[C@H](C1=CC=C(C=C1)F)NC2=NC=NC(=C2)C3=C4N=CC=CN4N=C3N,,
44159001,CC(C)[C@H](C1=CC=C(C=C1)F)NC2=NC=NC(=C2)C3=C4N=CC=CN4N=C3N,,
44159235,C1CC2(CCC1CNC3=NC=C(C=C3)C(F)(F)F)CN(C(=O)O2)C4=CC=CC=N4,,
44159834,C[C@@H](C1=CC=C(C=C1)F)NC2=NC=NC(=C2)C3=C4N=CC=CN4N=C3N,,
44160199,C1CC2(CCC1CNC3=NC=C(C=C3)C4=C(C=CC=N4)F)CN(C(=O)O2)C5=NN=CC=C5,,
44160207,C[C@H](C1=CC=C(C=C1)F)NC2=NC=NC(=C2)C3=C4N=CC=CN4N=C3N,,
44160268,C[C@@H]1CN(CCN1S(=O)(=O)C2=C(C=C(C=C2)C(=O)N)Cl)C3=C(C=C(C=C3)F)C(F)(F)F,,
44176136,CCOC(=O)C1=C(NC2=CC(=C(C=C21)O)C3=CC=CC=C3)CC4=CC(=CC=C4)Cl,,
44176138,C1=CC2=C(C=C1Cl)NC(=O)C(=C2)O,,
44176908,C1CCC(CC1)NC(=O)N2CCN(CC2)C(C3=CC=C(C=C3)Cl)C4=C(C=C(C=C4)Cl)Cl,,
44177373,CC1=CC=C(C=C1)C(C2=C(C=C(C=C2)Cl)Cl)N3CCN(CC3)C(=O)NC4CCCCC4,,
44178080,CC1=C(N(N=C1CN[C@H]2CC[C@H](C2)F)CCC#N)C3=CC(=CC(=C3)F)F,,
44178224,COCCOC1=C(C=CC(=C1)CC2CCN(CC2)CCC3=CC4=C(CCCC4=O)C=C3)Br,,
44178354,B1(C2=C(C=CC(=C2)NC(=O)C3=C(C=C(C=C3)F)C(F)(F)F)C(O1)(C)C)O,,
44179999,C[C@H](C1=NN=C2N1C=C(C=C2F)C3=CN(N=C3)C)N4C=CC5=C(C4=O)C=C(C=N5)OC,,
44180127,CC1=NOC(=C1)C2=CN3C(=NN=C3[C@@H](C)N4C=CC5=C(C4=O)C=CC=N5)C(=C2)F,,
44181153,CC1=CC=C(C(=O)N1C2=CC=CC=C2)C(=O)NC3=CC(=C(C=C3)OC4=NN5C=C(N=C5C=C4)NC(=O)C6CC6)F,,
44181686,C[C@H](C1=NN=C2N1C=C(C=C2F)C3=CN(N=C3)C)N4C=CC5=C(C4=O)C=C(C=N5)OCCOC,,
44181688,CC1=NOC(=C1)C2=CN3C(=NN=C3[C@@H](C)N4C=CC5=C(C4=O)C=C(C=N5)OCCOC)C(=C2)F,,
44181812,C1=C(C(=CN=C1N)Br)Cl,,
44181867,C1=C(C=NC(=N1)C#N)F,,
44181971,CCN(CC)CCNC(=O)C1=C(NC(=C1C)/C=C\2/C3=C(C=CC(=C3)F)NC2=O)C.C(C(C(=O)O)O)C(=O)O,,
44182295,COC1=CC(=C(C(=C1NS(=O)(=O)C2(CC2)C[C@@H](CO)O)NC3=C(C=C(C=C3)I)F)F)F,,
44182306,CNC(=O)[C@H](C1CCCCC1)NC(=O)C2=CC=C(O2)C3=CC=C(C=C3)Cl,,
44182376,CC(C)(C)OC(=O)NCCN1C[C@@H]2CN(C[C@H](C1)O2)CCOC3=C(C=C(C=C3)C#N)F,,
44182694,COCCOC1=C(C=CC(=C1)CC2CCN(CC2)CCC3=CC4=C(C=C3)OCCC4=O)Br,,
44183569,CN1C(=O)C=C(N(C1=O)CC2=C(C=CC(=C2)F)C#N)N3CCC[C@H](C3)N.C(CC(=O)O)C(=O)O,,
44183999,CC1=C(SC2=NC(=O)NC(=C12)N)C.Cl,,
44185123,CSC1=C(C=CC(=C1)OC2=C3C(=NC=C2)NC(=O)N3)NC(=O)NC4=CC(=C(C=C4)Cl)C(F)(F)F,,
44185871,CCCN1C(=O)C2=C(NC1=O)N=C(N2)C3=CC=C(C=C3)S(=O)(=O)N4CCN(CC4)C5=CC=C(C=C5)Cl,,
44186438,CC(C)(CC1=CC=C(C=C1)OC)NC[C@@H](COC2=C(C(=CC=C2)Cl)Cl)O,,
44186581,CCCN1C(=O)C2=C(NC1=O)N=C(N2)C3=CC=C(C=C3)S(=O)(=O)N4CCN(CC4)CC5=CC=C(C=C5)Cl,,
44186666,CCN1C(=O)C2=C(NC1=O)N=C(N2)C3=CC=C(C=C3)S(=O)(=O)N4CCN(CC4)CC5=CC=C(C=C5)C(F)(F)F,,
44187005,CN1C[C@@H]2C[C@H]1CN2C3=CC(=C(C(=C3)F)C4=CC=NC5=C(C(=NN45)C6=CC=NC=C6)C7=C8C=NNC8=CC=C7)F,,
44187362,C1=CC(=C(C=C1I)F)NC2=C(C=CN=C2)C(=O)NC[C@@H](CO)O,,
44187367,CCC1=CC2=C(C(=C(N2C)C(=O)NC3CCN(CC3)C(=O)CO)OCC(F)(F)F)C(=O)N1CC(=O)C4=CC=CC=C4,,
44189143,CCCN(CCC)C(=O)C1=CC(=CC(=C1)C(=O)N[C@@H](CC2=CC(=CC(=C2)F)F)[C@@H](CNCC3=CC(=CC=C3)OC)O)/C(=N\OC)/C,,
44189323,C1C2=C(C(=C(C=C2)O)O)C(=O)N1CC3=C(C(=CC=C3)Cl)F,,
44189702,C[C@@H](C1=CC(=C(C=C1)NS(=O)(=O)C)F)C(=O)NCC2=CC=C(C=C2)C(C)(C)C,,
44189732,C1C[C@@H]2C[C@H]1[C@@H](C23CC3)CN4CCC(CC4)N5C6=CC=CC=C6N(C5=O)C[C@H](CO)O.Cl,,
44189740,C1=CC=NC(=C1)C(=O)NC2=CC(=CC=C2)OC(F)F,,
44189833,C1C[C@@H]2C[C@H]1[C@@H](C23CC3)CN4CCC(CC4)N5C6=CC=CC=C6N(C5=O)C(CO)CO.Cl,,
44190125,C1[C@@H]2CN(C[C@@H]2CN1)C3=CN=CC=C3.Cl.Cl,,
44190127,C1[C@@H]2CN(C[C@@H]2CN1)C3=CN=C(C=C3)Cl.Cl,,
44190132,COC1=CN=CC(=C1)N2C[C@H]3CNC[C@H]3C2.Cl.Cl,,
44190223,CCOC1=CN=CC(=C1)N2C[C@H]3CNC[C@H]3C2.Cl.Cl,,
44190324,C1[C@@H]2CN(C[C@@H]2CN1)C3=CC(=CN=C3)O.Cl.Cl,,
44190592,CC1=C(C2=C(N1CC3=CC(=CC=C3)O[C@@H](C)C(=O)O)C=C(C=C2)OC(F)(F)F)C(=O)C4=CC=C(C=C4)Cl,,
44190675,CC[C@H](C(=O)O)OC1=CC=CC(=C1)CN2C(=C(C3=C2C=C(C=C3)OC(F)(F)F)C(=O)C4=CC=C(C=C4)Cl)C,,
44190764,CCC[C@@H](C(=O)O)OC1=CC=CC(=C1)CN2C(=C(C3=C2C=C(C=C3)OC(F)(F)F)C(=O)C4=CC=C(C=C4)Cl)C,,
44191040,CC1=C(C(=NC=C1)CN2C=CC=C(C2=O)C(F)(F)F)COC3=CC=CC4=C(C=C(N=C43)C)C5=CC=NN5C,,
44191096,COC1=C(C=CC(=C1)NC(=O)C2=CC=CC=N2)Cl,,
44191246,CC1=CC2=C(C(=C(C=C2C(=C1C3=C(C4=CC(=C(C(=C4C=C3C)C(=O)NCCC5=CC(=CC=C5)Cl)O)O)O)O)O)O)C(=O)NCCC6=CC(=CC=C6)Cl,,
44191949,CCC1=C(N(N=C1C2=NC(=S)C(N2C)(C)C)C3=C(C=C(C=C3)Cl)Cl)C4=CC=C(C=C4)Cl,,
44192032,COC1=C(C=C(C=C1)C(=C(F)F)C2=CC(=C(C(=C2)OC)OC)OC)O,,
44192144,CC1=CC2=C(C(=C(C=C2C(=C1C3=C(C4=CC(=C(C(=C4C=C3C)C(=O)NC(C)C5=CC=C(C=C5)Cl)O)O)O)O)O)O)C(=O)NC(C)C6=CC=C(C=C6)Cl,,
44193830,COC(=O)C1=C2CN(CCN2C(=N1)C(F)(F)F)C(=O)C[C@@H](CC3=CC(=C(C=C3F)F)F)N,,
44194103,CC(C)(C)[C@@H](CO)N1C=C(C(=O)C2=C1N=C(C(=C2)CC3=C(C(=CC=C3)Cl)F)OCCO)C(=O)O,,
44194115,C[C@H](C1=C(C=CC(=C1Cl)F)Cl)OC2=C3C(=CN=C2N)C(=CO3)C4=CN(N=C4)C5CCNCC5,,
44194590,C=CCN(C1CCN(CC1)C[C@H]2CN(C[C@@]2(C3=CC=CC=C3)O)C(=O)C4CCCC4)C(=O)NCC5=CC=C(C=C5)C(F)(F)F,,
44194814,C1=CC=C(C=C1)C2=C(ON=C2C3=CC=C(O3)Cl)C(F)(F)F,,
44194974,CC1=NC(=CC=C1)C(=O)N2[C@H](C3=C(CC(CS3(=O)=O)(C)C)NC4=C2C=CC=C4O)C5=C(C=C(C=C5)OCC6=CC=CC=C6)F,,
44195571,CC1(CC2=C(C(=O)C1)C(=NN2C3=CC(=C(C=C3)C(=O)N)NC4CCC(CC4)OC(=O)CN)C(F)(F)F)C,,
44195701,CNC1CCC(CC1)N(CC2=CC(=CC=C2)C3=CC=NC=C3)C(=O)C4=C(C5=C(C=CC(=C5S4)F)F)Cl,,
44197009,CCN(CC)C(=O)CC1=C(N=C2N1N=C(C=C2C)C)C3=CC=C(C=C3)Cl,,
44197010,CCN(CC)C(=O)CC1=C(N=C2N1N=C(C=C2C)C)C3=CC=C(C=C3)Br,,
44198672,CC1=C2CCCOC2=C(C=C1C3=C(C(=NC4=CC=CC=C43)C)[C@@H](C(=O)O)OC(C)(C)C)F,,
44199317,COC1CCN(CC1)C(=O)C2=C(C=CC(=C2)CC3=NNC(=O)C4=CC=CC=C43)F,,
44199337,CC1=C(C(=NN1C)C)NS(=O)(=O)C2=C(C=C(C=C2Cl)C3=CC(=NC=C3)N4CCNCC4)Cl,,
44199338,C1=CC=C(C(=C1)C(=O)NCC2=C(C(=CC(=C2)Br)Br)OC(=O)C3=CC=CC=C3Cl)[N+](=O)[O-],,
44199417,CCCS(=O)(=O)NC1=C(C(=C(C=C1)F)C(=O)NC2=CC3=C(N=C2)N=CN3)F,,
44199470,C1C[C@@H](CN(C1)C2=C(C=NC=C2)NC(=O)C3=C(SC(=N3)C4=C(C=CC=C4F)F)N)N,,
44200882,CC1=C(C=CC(=C1Cl)C#N)N[C@@H](C2=NN=C(O2)C3=CC=C(C=C3)C#N)[C@H](C)O,,
44201003,CC(C)(CC(=O)N1CCCC1)NCC(=O)N2C[C@H](C[C@H]2C#N)F,,
44203832,CCOC1=C(C=C(C=C1)C2=CC(=NC=N2)NC[C@@H](C3=CC=CC=C3)O)Cl,,
44203948,C[C@H](CN(C)C)OC1=NC(=CN=C1C#N)NC2=NC=C3C(=C2)C=CC=C3Cl,,
44204999,C1CN(CCC1N2C3=CC=CC=C3NC2=O)CCCOC4=CC=C(C=C4)F,,
44205000,CC1=NC2=CC=CC=C2N1C3C[C@H]4CC[C@@H](C3)N4CCC5(CCN(CC5)C(C6=CC=C(C=C6)F)C(=O)OC)C7=CC=CC=C7,,
44205191,CN1CCN(C=N1)C2=C(C=C(C=C2)N3C[C@@H](OC3=O)CO)F,,
44205637,CCNC(=O)NC1=NC=C(C(=C1)C2=NC(=CS2)C(F)(F)F)C3=CC(=CN=C3)C4=NNC(=O)O4,,
44206698,C1=CC(=CC(=C1)F)C2=CN=CN2CC3=CC=C(C=C3)C#N,,
44207068,C1=CC=C2C(=C1)C3=C(C=CN=C3NC2=O)NC4=CC=C(C=C4)NC(=O)C5=CC=CC=C5C(F)(F)F,,
44207069,C1=CC=C2C(=C1)C3=C(C=CN=C3NC2=O)NC4=CC=C(C=C4)NC(=O)C5=CC=C(C=C5)F,,
44207238,C1=CC(=C(C=C1NCC2=C(C(=CC(=C2)Cl)Cl)O)O)C(=O)O,,
44207312,C1=CC=C2C(=C1)C3=C(C=CN=C3NC2=O)NC4=CC=C(C=C4)NC(=O)C5=CC(=C(C=C5)F)F,,
44207314,C1=CC=C2C(=C1)C3=C(C=CN=C3NC2=O)NC4=CC=C(C=C4)NC(=O)C5=C(C=CC=C5F)F,,
44207547,C1=CC=C2C(=C1)C3=C(C=CN=C3NC2=O)NC4=CC=C(C=C4)NC(=O)C5=C(C=C(C=C5)F)F,,
44207795,CN1C2CC(C1CC3=C2N4C(=C(C(=N4)C5=CC=NC=C5)C6=CC(=C(C=C6)Cl)O)N=C3)S(=O)(=O)C7=CC=CC=C7,,
44207797,CN1C2CC(C1CC3=C2N4C(=C(C(=N4)C5=CC=NC=C5)C6=CC(=C(C=C6)Cl)O)N=C3)CO,,
44208454,C1=CC=C2C(=C1)C3=C(C=CN=C3NC2=O)NC4=CC=C(C=C4)NC(=O)C5=C(C(=CC=C5)F)F,,
44208849,CCC1=CC(=C(C=C1F)OC2=C(C=C(C=C2)C(=O)N)F)O,,
44208932,CC1=CC=C(C=C1)CN2C(=CC(=N2)C(=O)NC3C(C4CCC3(C4)C)(C)C)C5=CC(=C(C=C5)Cl)C,,
44209343,CC(C)(C1OCC(C(O1)C2=CN=CC=C2)C/C=C\CCC(=O)O)OC3=CC=C(C=C3)Br,,
44212473,COC1=CC=C(C=C1)CCCCNCCOC2=CC(=CC3=C2OCCC3O)F,,
44214724,CC1=CC2=C(C=C1C(F)(F)F)N(CC2)C(=O)NC3=CN=C(C=C3)OCC4=NC=CN=C4,,
44215124,C1CN(CCC1C2=NOC3=C2C=CC(=C3)F)C(CN4CC5=CC=CC=C5C4)CO,,
44216236,CC(C)(C1=CC(=CC(=C1)C(F)(F)F)C(F)(F)F)C(=O)N(C)C2=CN=C(C=C2C3=CC=CC=C3Cl)N(CCO)CCO,,
44216842,COC1=CC=CC(=C1)C2=NN(C(C2)C3=CC=C(C=C3)Br)C4=CC=C(C=C4)S(=O)(=O)N,,
44216882,CCC1CN(N=C1)C(=NCC)NS(=O)(=O)C2=CC(=C(C=C2)N)Cl,,
44217243,CCCS(=O)(=O)NC1=C(C(=C(C=C1)F)C(=O)NC2=CC(=C(N=C2)N)Br)F,,
44217530,C[C@@H]1C[C@@H](CN(C1)C2=C(C=NC=C2)NC(=O)C3=CSC(=N3)C4=C(C=CC=C4F)F)N,,
44217683,C[C@H]1C[C@H](C[C@H](C1)N)C2=C(C=NC=C2)NC(=O)C3=CSC(=N3)C4=C(C=CC=C4F)F,,
44217847,C=CN1C2=C(C=N1)C3=NN(C(=O)N3C(=N2)N)CC4=CC(=CC=C4)Cl,,
44219207,CC1=CC(=NN1C[C@]23C[C@]2(CCNC3)C4=CC(=C(C=C4)Cl)Cl)C,,
44219292,C1CC(CCC1COCC(=O)O)COC(=O)N(C2=CC=CC=C2)C3=CC=C(C=C3)Cl,,
44219364,CC(C)C1=NN(N=N1)C[C@]23C[C@]2(CCNC3)C4=CC(=C(C=C4)Cl)Cl,,
44219365,CC1=CC(=NN1C[C@]23C[C@]2(CCNC3)C4=CC(=C(C=C4)Cl)Cl)C(F)(F)F,,
44219367,CC1=CN(N=C1)C[C@]23C[C@]2(CCNC3)C4=CC(=C(C=C4)Cl)Cl,,
44219519,C1CNCC2([C@]1(C2)C3=CC(=C(C=C3)Cl)Cl)CN4C=CC(=C4)C#N,,
44219611,C[C@@H](C(=O)NCC1=CC(=CC=C1)N2C(=CC(=N2)C(F)(F)F)C3=NN=C(O3)C4=C5C(=CC=C4)N=CS5)N,,
44219718,C1C(CN2C1=NC=C2)C3=C(C=CC(=C3)F)C4=CN=CN=C4,,
44219916,CC(C)[C@H](CO)N1C=C(C(=O)C2=C1C=C(C(=C2)CC3=C(C(=CC=C3)Cl)F)OC)C(=O)O,,
44220271,C[C@H](C1=CN(N=N1)C2=CC=C(C=C2)Cl)OC3=CC=[N+](C4=CC=CC=C43)[O-],,
44220300,CCNC(=O)C1=CC2=C(N=C(N=C2S1)N)C3=CC(=C(C=C3Cl)Cl)OCCN(CC)CC,,
44220301,CCNC(=O)C1=CC2=C(N=C(N=C2S1)N)C3=CC(=C(C=C3Cl)Cl)OCC#N,,
44220303,CCNC(=O)C1=CC2=C(N=C(N=C2S1)N)C3=CC(=C(C=C3Cl)Cl)OCCNCCOC,,
44220504,CCNC(=O)C1=CC2=C(N=C(N=C2S1)N)C3=CC=C(C=C3)Cl,,
44220706,CCN(CC)CCOC1=C(C=C(C(=C1)C2=C3C=C(SC3=NC(=N2)N)C(=O)NC4CC4)Cl)Cl,,
44220707,CCNC(=O)C1=CC2=C(N=C(N=C2S1)N)C3=CC(=C(C=C3Cl)Cl)OCCCN(C)C,,
44220708,CCNC(=O)C1=CC2=C(N=C(N=C2S1)N)C3=CC(=C(C=C3Cl)Cl)OCC(=O)N,,
44220709,CCNC(=O)C1=CC2=C(N=C(N=C2S1)N)C3=CC(=C(C=C3Cl)Cl)OCCN4CCN(CC4)C,,
44220911,CCNC(=O)C1=CC2=C(N=C(N=C2S1)N)C3=CC(=C(C=C3Cl)Cl)OCCN4CCC(CC4)(F)F,,
44221131,C1COC(CN1C2=C3C=NNC3=NC=C2Br)CN,,
44222802,C1=CC=C2C(=C1)C(=CC=N2)OCC3=CN(N=N3)C4=CC=C(C=C4)Cl,,
44222958,C1=CC=C(C(=C1)NC2=C3C=CN=CC3=C4C=CC=C(C4=N2)C5=NC=NN5)Cl,,
44223206,CCCS(=O)(=O)NC1=C(C(=C(C=C1)F)C(=O)NC2=CC3=C(NN=C3OC)N=C2)F,,
44223627,CCCS(=O)(=O)NC1=C(C(=C(C=C1)F)C(=O)NC2=CN=C3C(=C2)C=C(N3)C4=CC=CC=C4)F,,
44223999,CC1=C(C2=C(C=C1)C(=NC=C2)NC3=CC=C(C=C3)Cl)NC4=C(C=CC=N4)C5=C6C(=NC=N5)N=CN6,,
44224000,C1CN(CC2=C1N(N=C2C3=CC(=C(C=C3)Cl)C#CC4=CC=C(C=C4)Cl)CCCN5CCOCC5)C(=O)CO,,
44224135,CC(C)(C)C1=NN(C(=C1)C(=O)N[C@@H](CC2=CC(=CC=C2)Cl)C(=O)NCC#N)C,,
44224199,CSC1=CC=C(C=C1)/C=C\2/C=C(C3=C2C=CC(=C3)F)CC(=O)O,,
44224257,CN(C(=O)N1[C@](SC(=N1)C2=C(C=CC(=C2)F)F)(CCCN)C3=CC=CC=C3)OC,,
44224261,C#CCN1CCN(CC1)C2=C(C=CC=C2Cl)NC(=O)C3=CC=C(O3)Br,,
44224276,CC1=CC(=CC(=C1)[P@@](=O)(C2=C(NC3=C2C=C(C=C3)Cl)C(=O)N)OC)/C=C/C#N,,
44225813,C1CC2CC(CC1N2)C3=CC=NC4=C(C(=NN34)C5=CC=NC=C5)C6=CC(=C(C=C6)Cl)O,,
44225814,CC(=O)N1C2CCC1CC(C2)C3=CC=NC4=C(C(=NN34)C5=CC=NC=C5)C6=CC(=C(C=C6)Cl)O,,
44226028,CCN1C2CCC1CC(C2)C3=CC=NC4=C(C(=NN34)C5=CC=NC=C5)C6=CC(=C(C=C6)Cl)O,,
44226449,CN1C2CCC1CN(C2)C3=CC=C(C=C3)C4=CC=NC5=C(C(=NN45)C6=CC=NC=C6)C7=CC(=C(C=C7)Cl)O,,
44227055,CCOC(=O)N1C2CCC1CC(C2)C3=CC=NC4=C(C(=NN34)C5=CC=NC=C5)C6=C7C=NNC7=C(C=C6)Cl,,
44227274,CCOC(=O)N1C2CCC1CC(C2)C3=CC=NC4=C(C(=NN34)C5=CC=NC=C5)C6=C7C=NNC7=C(C=C6)F,,
44227471,CC(C)(C)C1=CC(=NC(=O)C2=C(C(=CC=C2)C(F)(F)F)F)N(N1C)CC3CCC3,,
44229839,CC(C)(C(=O)NCCN1C=CC2=C1C(=NC=N2)NC3=CC(=C(C=C3)OC4=C5C=NSC5=CC=C4)Cl)N,,
44230874,C1CNCC1(CC2=CC=C(C=C2)F)C3=CC4=C(C=C3)NC=C4,,
44231244,CCCS(=O)(=O)NC1=C(C(=C(C=C1)F)C(=O)NC2=CC3=C(N=C2)N=C(N3)C4=CC(=CC=C4)C(F)(F)F)F,,
44231247,CCCS(=O)(=O)NC1=C(C(=C(C=C1)F)C(=O)NC2=CC3=C(N=C2)N=C(N3)C4=CC(=CC=C4)Br)F,,
44232495,C1CC(CN(C1)[C@@H]2C[C@H](N(C2)S(=O)(=O)C3=CC=CC(=C3)C#N)C(=O)N[C@@H](CC4=CC=C(C=C4)NC(=O)C5=C(C=NC=C5Cl)Cl)C(=O)O)(F)F,,
44232529,CC1=CC(=CC(=C1)[P@](=O)(C2=C(NC3=C2C=C(C=C3)Cl)C(=O)N)OC)/C=C/C#N,,
44232532,CC(C)CN1C2=C(C=CC=C2F)/C(=C\C(=O)O)/C1=O,,
44232682,C1C[N+]2(CCC1[C@H](C2)OC(=O)C(C3=CC=CC=C3)(C4=CC=CC=C4)O)CCCOC5=CC=CC=C5.[Br-],,
44233390,COC(=O)N1CCC(CC1)N2C3=C(C=N2)C(=NC(=N3)C4=CC=C(C=C4)NC(=O)NCCF)N5CCOCC5,,
44233671,COC1=CC2=C(C(=C1)OC)[C@@]3([C@@H](C[C@H]([C@@]3(O2)C4=CC=C(C=C4)Br)C5=CC=CC=C5)O)O,,
44235958,C[C@@H]1CCC[C@@H](N1CC2=CC=C(C=C2)C[C@H](C(=O)N(C)C(C)C)NC(=O)C[C@H](C3=CC4=C(C=C3)OCO4)NS(=O)(=O)C5=CC6=C(C=C5)C=C(C=C6)OC)C.Cl,,
44236335,C[N+]12CCC(CC1)[C@H](C2)OC(=O)C(C3=CC=CS3)(C4=CC=CS4)O.[Br-],,
44236339,C1C[N+]2(CCC1[C@H](C2)OC(=O)C(C3=CC=CS3)(C4=CC=CS4)O)CCCCC5=CC=CC=C5.[Br-],,
44236421,CCCN1C2=C(C(=O)N(C1=O)CCC)NC(=N2)C3=CN(N=C3)CC(=O)N4CCN(CC4)C5=CC=C(C=C5)C(F)(F)F,,
44236898,CNC(=O)[C@H](C1CCCCC1)NC(=O)C2=CC=C(O2)C3=NC=C(C=C3)Cl,,
44236927,COC1=C(C=C2C(=C1)C3=CC(=NC(=C3C=N2)N)C4=CC(=CN=C4)Br)OC,,
44236940,COC1=C(C=C2C(=C1)C3=CC(=NC(=C3C=N2)N)C4=CC(=CN=C4)NC5=CC=CC=C5F)OC,,
44236984,CC1CCN(CC1)C(=O)C2=CC(=NC=C2)CS(=O)(=O)C3=C(C=CC=C3Cl)Cl,,
44236985,CC1CCN(CC1)C(=O)C2=NC=CC(=C2)CS(=O)(=O)C3=C(C=CC=C3Cl)Cl,,
44236989,C1CCCN(CC1)C(=O)C2=CN=CC(=C2)CS(=O)(=O)C3=C(C=CC=C3Cl)Cl,,
44236990,C1CCCN(CCC1)C(=O)C2=CN=CC(=C2)CS(=O)(=O)C3=C(C=CC=C3Cl)Cl,,
44236991,C1CCCCN(CCC1)C(=O)C2=CN=CC(=C2)CS(=O)(=O)C3=C(C=CC=C3Cl)Cl,,
44236992,C1CCN(CC1)C(=O)C2=CN=CC(=C2)CS(=O)(=O)C3=C(C=CC=C3Cl)Cl,,
44236995,CC1CCN(CC1)C(=O)C2=CC=CC(=N2)CSC3=C(C=CC=C3Cl)Cl,,
44236996,CC1CCN(CC1)C(=O)C2=CC=CC(=N2)COC3=C(C=CC=C3Cl)Cl,,
44236997,CC1CCN(CC1)C(=O)C2=NC(=CC=C2)SC3=CC=CC=C3Cl,,
44236998,CC1CCN(CC1)C(=O)C2=NC(=CC=C2)OC3=CC=CC=C3Cl,,
44236999,CC1CCN(CC1)C(=O)C2=NC(=CC=C2)NC3=CC=CC=C3Cl,,
44237001,CC1CCN(CC1)C(=O)C2=CC=CC(=N2)C3=CC=CC=C3Cl,,
44237002,CC1(CCCN(C1)C(=O)C2=CC=CC(=N2)C3=CC=CC=C3Cl)C,,
44237006,C1CCC2C(C1)CCCN2C(=O)C3=CC=CC(=N3)C4=CC=C(C=C4)C(F)(F)F,,
44237008,C1CCN(C(C1)C2=CN=CC=C2)C(=O)C3=CN=CC(=C3)COC4=C(C=CC=C4Cl)Cl,,
44237009,C[C@]12C[C@H](CC(C1)(C)C)N(C2)C(=O)C3=CN=CC(=C3)COC4=C(C=CC=C4Cl)Cl,,
44237010,CC1(CCCN(C1)C(=O)C2=CC=CC(=N2)COC3=C(C=C(C=C3Cl)Cl)Cl)C,,
44237011,C1CCC2C(C1)CCCN2C(=O)C3=CC=CC(=N3)COC4=C(C=CC=C4Cl)Cl,,
44237012,C1CN(CCN1C2=C(C=CC=N2)C(F)(F)F)S(=O)(=O)C3=CC=CC=C3,,
44237014,C1CN(CCN1C2=C(C=CC=N2)C(F)(F)F)S(=O)(=O)CC3=CC=CC=C3,,
44237021,C1CN(CCN1C2=C(C=CC=N2)C(F)(F)F)S(=O)(=O)C3=CC=C(C=C3)C#N,,
44237022,C1CN(CCN1C2=C(C=CC=N2)C(F)(F)F)S(=O)(=O)C3=CC=C(C=C3)C4=CC=CC=C4,,
44237024,C1CN(CCN1C2=C(C=CC=N2)C(F)(F)F)S(=O)(=O)C3=CC(=CC=C3)Cl,,
44237028,CC1=CC=C(C=C1)S(=O)(=O)N2CCN(CC2)C3=C(C=CC=N3)Cl,,
44237031,CC1CN(CCN1S(=O)(=O)C2=CC=C(C=C2)C(C)(C)C)C3=C(C=CC=N3)C(F)(F)F,,
44237081,C1CC(N(C1)C(=O)[C@@H](CC2=CC=CC=C2)N)C(=O)NCC3=CC(=CC=C3)Cl,,
44237094,CCOC(=O)C1=C(C2=C(N1C)C(=C(C=C2)Cl)Cl)/C(=C\N)/C#N,,
44237614,C1=CC(=CC(=C1)NC(=O)NCC2=CC=C(C=C2)F)CCNCC(C3=C4C=CC(=O)NC4=C(C=C3)O)O,,
44237669,C1=CC(=CC(=C1)NC(=O)NCC2=C(C=CC=C2Cl)Cl)CCNCC(C3=C4C=CC(=O)NC4=C(C=C3)O)O,,
44240744,C1=CC(=C(C=C1NC2=NC(=C(S2)CO)C3=CC=NC=C3)C(F)(F)F)F,,
44241473,CC1=C(SC(=N1)NC(=O)C)S(=O)(=O)NC2=CC=C(C=C2)C(C(F)(F)F)(C(F)(F)F)O,,
44241710,CC1=C(C=CC(=C1)F)C2=CC(=NC=C2N(C)C(=O)C(C)(C)C3=CC(=CC(=C3)C(F)(F)F)C(F)(F)F)N4CC[C@@H]([C@H]4CO)O,,
44241723,C[C@H]1CN(CCN1S(=O)(=O)C)C2=NC=C(C(=C2)C3=C(C=C(C=C3)F)C)N(C)C(=O)C(C)(C)C4=CC(=CC(=C4)C(F)(F)F)C(F)(F)F,,
44241743,CC1=CC=C(C=C1)S(=O)(=O)O.CN1CCN2[C@H]3CCN(C[C@H]3C4=C2C1=CC=C4)CCCC(=O)C5=CC=C(C=C5)F,,
44242164,COC(=O)NC1=CC2=C(C=C1)C3=C(CCO2)C=C(S3)C4=NN=CN4C5=CC=CC=C5Cl,,
44242299,CN(C1=CC=CC=C1Cl)C(=O)C2=CC3=C(S2)C4=C(C=C(C=C4)C5=CNN=C5)OCC3,,
44242317,C1CC1N2C=C(C(=O)C3=CC(=C(C=C32)N4CCC(CC4)(COC5=C(C=C(C=C5)N6C[C@@H](OC6=O)CO)F)O)F)C(=O)O,,
44242428,CC(=O)NC1=CC2=C(C=C1)C3=C(CCO2)C=C(S3)C(=O)N(C)C4=CC=CC=C4Cl,,
44242593,C1CN(CCC1COC2=CC=CC3=C2C(=NC(=N3)N)N)CC(F)(F)F,,
44242661,C1CN(CCC1COC2=CC=CC3=C2C(=NC(=N3)N)N)CC4=CC(=C(C=C4)Cl)Cl,,
44242776,CNC(=O)C1=CC2=C(C=C1)C3=C(CCO2)C=C(S3)C(=O)N(C)C4=C(C=C(C=C4)C(=O)N5CCN(CC5)C)Cl,,
44243144,C1CCN(CC1)C(=O)N2CC(C2)O[C@@H](C3=CC=C(C=C3)Cl)C4=C(N=CC=C4)Cl,,
44247584,CS(=O)(=O)C1=C(C=C(C=C1)Cl)CN2C=C(C=C(C2=N)C(=O)N)Cl,,
44247586,CC1=C(C(=NC(=N1)N2C[C@H]3C(=O)N(C(=N[C@]3(C2)C4=CC=C(S4)C#N)N)C)OC)F,,
44247611,CC(C)(C)C1=NN=C(O1)C2=NN(C(=C2C(=O)NC3=CC=CC=N3)C4=CC=C(C=C4)Cl)C5=C(C=C(C=C5)Cl)Cl,,
44247727,CNC(=O)C1=CC2=C(C=CN=C2C=C1OC)OC3=C(C=C(C=C3)NC(=S)NC(=O)CC4=CC=CC=C4)F,,
44247803,CN(C)CCC1=C(C2=CC=CC=C2C1)CC3=CC=C(C=C3)F,,
44249263,C1=CC=C(C(=C1)C2=CC(=C(C(=C2)F)F)F)N,,
44249745,C1CN(CCC1C(F)(F)F)CCN2CCN(C2=O)C3=CC=CC(=C3)C#N,,
44250025,C/C=C(\C)/C(=O)C[C@H]1C2=COC(=CC2=C(C(=O)[C@@]1(C)O)Cl)/C=C/[C@@H](C)[C@@H](C)O,,
44250044,COC1=CC=CC=C1C(=O)C2=C(C(=[N+](C=C2)[O-])C3=CC=CC=C3Cl)N,,
44250046,COC1=C(C(=CC=C1)OC)C2=[N+](C=CC(=C2N)C(=O)C3=C(C=C(C=C3)F)F)[O-],,
44250175,CC1=CC=C(C=C1)C2=NC3=C(C=C(C=C3)Cl)OC2,,
44250420,CC1=C(C=C(C=C1F)C(=O)NC2CC2)C3=CC4=C(C=C3)C5(CCN(CC5)S(=O)(=O)C)C(=O)N4,,
44250483,CC1=C(C=C(C=C1)C(=O)NC2=NOC=C2)C3=CC4=C(C=C3)C5(CCC(CC5)(F)F)C(=O)N4,,
44251556,CN1C=C(C=N1)C2=CC(=C(C=C2)CN3C4=CC=CC=C4C(=O)C3=O)F,,
44251598,CC1=C(C2=C(C=C1)C(=NO2)NC3CC3)C4=CC5=C(C=C4)C6(CCC(CC6)(F)F)C(=O)N5,,
44251605,C[C@]1(CCSC(=N1)N)C2=C(C=C(C(=C2)C3=CN=CN=C3)F)F,,
44252884,COC1=C(C=CC(=C1)N2CCOCC2)NC3=NC=C(C(=N3)NC4=CC=CC=C4NS(=O)(=O)C)F,,
44254975,CC[C@H](C)[C@H]1C(=O)O[C@@H]([C@@H](C(=O)N[C@H](C(=O)N[C@H]2CC[C@H](N(C2=O)[C@H](C(=O)N([C@H](C(=O)N1)CC3=CC(=C(C=C3)OC)Cl)C)[C@@H](C)CC)O)CCCN=C(N)N)NC(=O)[C@@H](COS(=O)(=O)O)O)C,,
44263392,CS(=O)(=O)N1CCC2=C(C1)C(=NN2CCCN3CCOCC3)C4=CC(=C(C=C4)Cl)C#CC5=CC=CC=C5Cl,,
44263394,CS(=O)(=O)N1CCC2=C(C1)C(=NN2CCCN3CCOCC3)C4=CC(=C(C=C4)Cl)C#CC5=CC=CC=C5C(F)(F)F,,
44263395,COC1=CC=CC=C1C#CC2=C(C=CC(=C2)C3=NN(C4=C3CN(CC4)S(=O)(=O)C)CCCN5CCOCC5)Cl,,
44263396,CS(=O)(=O)N1CCC2=C(C1)C(=NN2CCCN3CCOCC3)C4=CC(=C(C=C4)Cl)C#CC5=CC(=CC=C5)Cl,,
44263398,CS(=O)(=O)N1CCC2=C(C1)C(=NN2CCCN3CCOCC3)C4=CC(=C(C=C4)Cl)C#CC5=CC=C(C=C5)Cl,,
44263399,CC1=CC=C(C=C1)C#CC2=C(C=CC(=C2)C3=NN(C4=C3CN(CC4)S(=O)(=O)C)CCCN5CCOCC5)Cl,,
44263400,CS(=O)(=O)N1CCC2=C(C1)C(=NN2CCCN3CCOCC3)C4=CC(=C(C=C4)Cl)C#CC5=CC=C(C=C5)C(F)(F)F,,
44263401,CS(=O)(=O)N1CCC2=C(C1)C(=NN2CCCN3CCOCC3)C4=CC(=C(C=C4)Cl)C#CC5=CC=C(C=C5)N,,
44263402,CS(=O)(=O)N1CCC2=C(C1)C(=NN2CCCN3CCOCC3)C4=CC(=C(C=C4)Cl)C#CC5=CC=C(C=C5)C(=O)O,,
44263403,CS(=O)(=O)N1CCC2=C(C1)C(=NN2CCCN3CCOCC3)C4=CC(=C(C=C4)Cl)C#CC5=CC(=C(C=C5)Cl)Cl,,
44263404,C1CN(CC2=C1N(N=C2C3=CC(=C(C=C3)Cl)C#CC4=CC=C(C=C4)Cl)CCCN5CCOCC5)C(=O)C6=CC=CC=N6,,
44263405,C1CN(CC2=C1N(N=C2C3=CC(=C(C=C3)Cl)C#CC4=CC=C(C=C4)Cl)CCCN5CCOCC5)C(=O)C6=CC=CO6,,
44263406,C1CC(OC1)C(=O)N2CCC3=C(C2)C(=NN3CCCN4CCOCC4)C5=CC(=C(C=C5)Cl)C#CC6=CC=C(C=C6)Cl,,
44263407,CC(=O)OCC(=O)N1CCC2=C(C1)C(=NN2CCCN3CCOCC3)C4=CC(=C(C=C4)Cl)C#CC5=CC=C(C=C5)Cl,,
44263451,C1=NC2=C(N1CC(=O)O)C(=C(C(=C2Br)Br)Br)Br,,
44263496,CC1=CC(C2=C1C=C(C=C2)NS(=O)(=O)C3=C(N=C4N3C=CS4)Cl)(C)C,,
44263497,CC1=C(C2=CC(=C(C=C2C1)OC)NS(=O)(=O)C3=C(N=C4N3C=CS4)Cl)C,,
44266063,CNC1=C(C(=O)C1=O)N[C@@H](CC2=CC=C(C=C2)NC(=O)C3=C(C=NC=C3Cl)Cl)C(=O)O,,
44266065,CCNC1=C(C(=O)C1=O)N[C@@H](CC2=CC=C(C=C2)NC(=O)C3=C(C=NC=C3Cl)Cl)C(=O)O,,
44266073,C1COCCN1C2=C(C(=O)C2=O)N[C@@H](CC3=CC=C(C=C3)NC(=O)C4=C(C=NC=C4Cl)Cl)C(=O)O,,
44266091,CC(C)NC1=C(C(=O)C1=O)N[C@@H](CC2=CC=C(C=C2)NC(=O)C3=C(C=NC=C3Cl)Cl)C(=O)O,,
44266106,CCCCNC1=C(C(=O)C1=O)N[C@@H](CC2=CC=C(C=C2)NC(=O)C3=C(C=NC=C3Cl)Cl)C(=O)O,,
44266115,C=CCNC1=C(C(=O)C1=O)N[C@@H](CC2=CC=C(C=C2)NC(=O)C3=C(C=NC=C3Cl)Cl)C(=O)O,,
44266118,CCCC(C)NC1=C(C(=O)C1=O)N[C@@H](CC2=CC=C(C=C2)NC(=O)C3=C(C=NC=C3Cl)Cl)C(=O)O,,
44266143,CCC(C)NC1=C(C(=O)C1=O)N[C@@H](CC2=CC=C(C=C2)NC(=O)C3=C(C=NC=C3Cl)Cl)C(=O)O,,
44266171,CCCN(C)C1=C(C(=O)C1=O)N[C@@H](CC2=CC=C(C=C2)NC(=O)C3=C(C=NC=C3Cl)Cl)C(=O)O,,
44266173,C1CCN(CC1)C2=C(C(=O)C2=O)N[C@@H](CC3=CC=C(C=C3)NC(=O)C4=C(C=NC=C4Cl)Cl)C(=O)O,,
44266174,CCN(CC)C1=C(C(=O)C1=O)N[C@@H](CC2=CC=C(C=C2)NC(=O)C3=C(C=NC=C3Cl)Cl)C(=O)O,,
44266179,CCN(C)C1=C(C(=O)C1=O)N[C@@H](CC2=CC=C(C=C2)NC(=O)C3=C(C=NC=C3Cl)Cl)C(=O)O,,
44266184,C1CSCCN1C2=C(C(=O)C2=O)N[C@@H](CC3=CC=C(C=C3)NC(=O)C4=C(C=NC=C4Cl)Cl)C(=O)O,,
44266195,CN(C)C1=C(C(=O)C1=O)N[C@@H](CC2=CC=C(C=C2)NC(=O)C3=C(C=NC=C3Cl)Cl)C(=O)O,,
44266204,CCCCCNC1=C(C(=O)C1=O)N[C@@H](CC2=CC=C(C=C2)NC(=O)C3=C(C=NC=C3Cl)Cl)C(=O)O,,
44266221,C1CC2=CC=CC=C2C(=O)N(C1)CCN3CCC(CC3)N4C=CC5=C4C=CC(=C5)F,,
44266277,CCN1CCN(CC1)C2=C(C(=O)C2=O)N[C@@H](CC3=CC=C(C=C3)NC(=O)C4=C(C=NC=C4Cl)Cl)C(=O)O,,
44266438,CS(=O)(=O)C1=CC=C(C=C1)C2=C(N=CC(=C2)Cl)C3=CN=C(C=C3)CO,,
44266996,[Li+].CC1=CC=CC=C1C2=C(C=CC(=C2)COCC3=CC=C(O3)C4=CC=C(C=C4)Cl)C(=O)N[C@@H](CCSC)C(=O)[O-],,
44266998,[Li+].CC1=CC=CC=C1C2=C(C=CC(=C2)COCC3=CC=C(O3)C4=CC=CC=C4F)C(=O)N[C@@H](CCSC)C(=O)[O-],,
44269522,CN1C2CCC1C(C(C2)C3=CC=C(C=C3)/C=C\Br)C(=O)OC,,
44269598,COC(=O)C1C2CCC(N2)CC1C3=CC=C(C=C3)C=C(Br)Br,,
44269607,COC(=O)C1C2CCC(N2)CC1C3=CC=C(C=C3)/C=C\Br,,
44270964,CC[C@H](C)N1C2=CC=CC=C2C(=NC(C1=O)NC(=O)CC3=C(C=C(C=C3)C(F)(F)F)C(F)(F)F)C4CC4,,
44271202,C1CN(CCC1C(=O)NC2=CC(=C(C=C2)F)C(F)(F)F)C(=O)CN3C4=C(C=CC(=C4)Cl)SC3=O,,
44271276,CC(=O)C1=CC(=CC=C1)NC(=O)C2CCN(CC2)C(=O)CN3C4=C(C=CC(=C4)Cl)SC3=O,,
44271385,C1CN(CCC1C(=O)NC2=CC=CC(=C2)C(=O)C3=CC=CC=C3)C(=O)CN4C5=C(C=CC(=C5)Cl)SC4=O,,
44272797,C1=CC=C(C(=C1)CS(=O)(=O)NC2=CC=CN(C2=O)CC(=O)N[C@H](CCCN=C(N)N)C(=O)O)F,,
44272875,CC1=CC=C(C(=O)N1CC(=O)N[C@H](CCCN=C(N)N)C(=O)O)NS(=O)(=O)CC2=CC=CC=C2F,,
44273000,C1=CC=C2C(=C1)C3=NN(C(=O)C3C=N2)C4=CC=C(C=C4)Cl,,
44273531,C1CC(C1)C[C@H](C(=O)O)N2C[C@@H]([C@H](C2)C3=CC(=CC=C3)F)CN4CCC(CC4)CCSC5=CC=C(C=C5)F,,
44273744,COC(=O)C1[C@H](CC2CCC1N2)C3=CC=C(C=C3)Cl,,
44273770,C1CN(CC([C@H]1CCOC(C2=CC=CC=C2)C3=CC=CC=C3)O)CC4=CC=C(C=C4)F,,
44273816,C1CCC(CC1)[C@H](C(=O)O)N2C[C@@H]([C@H](C2)C3=CC(=CC=C3)F)CN4CCC(CC4)CCS(=O)(=O)C5=CC=C(C=C5)F,,
44273830,C1CC(C1)C[C@H](C(=O)O)N2C[C@@H]([C@H](C2)C3=CC(=CC=C3)F)CN4CCC(CC4)CCCC5=CC=C(C=C5)C(F)(F)F,,
44273960,C1CC(C1)C[C@H](C(=O)O)N2C[C@@H]([C@H](C2)C3=CC(=CC=C3)F)CN4CCC(CC4)CCCC5=CC=C(C=C5)F,,
44273996,C1CC1C[C@H](C(=O)O)N2C[C@@H]([C@H](C2)C3=CC(=CC=C3)F)CN4CCC(CC4)CCC(C5=CC=C(C=C5)F)O,,
44274021,CC(C)(C(=O)O)SC1=CC=C(C=C1)CCN(CCCCC2CCCCC2)C(=O)NC3=CC(=CC(=C3)Cl)Cl,,
44274043,C1CC(C1)C[C@H](C(=O)O)N2C[C@@H]([C@H](C2)C3=CC=CC=C3)CN4CCC(CC4)CCC(C5=CC=C(C=C5)F)(F)F,,
44274082,C1CC(C1)C[C@H](C(=O)O)N2C[C@@H]([C@H](C2)C3=CC(=CC=C3)F)CN4CCC(CC4)CCS(=O)(=O)C5=CC=C(C=C5)F,,
44274153,CN1C2=C(C=C(C=C2)C=C)C(=C1C3=CC=C(C=C3)Cl)CCC(=O)N4CCC(CC4)(CC5=CC=CC=C5)O,,
44274166,CC(=O)C1=CC2=C(C=C1)N(C(=C2CCC(=O)N3CCC(CC3)(CC4=CC=CC=C4)O)C5=CC=C(C=C5)Cl)C,,
44274180,CN1C2=C(C=C(C=C2)C3=CC=CO3)C(=C1C4=CC=C(C=C4)Cl)CCC(=O)N5CCC(CC5)(CC6=CC=CC=C6)O,,
44274207,CC1=NC=C(C=C1)C2=C(C3=C(N2C)C=CC(=C3)Cl)CCC(=O)N4CCC(CC4)(CC5=CC=CC=C5)O,,
44274253,CN1C2=C(C=C(C=C2)Br)C(=C1C3=CC=C(C=C3)Cl)CCC(=O)N4CCC(CC4)(CC5=CC=CC=C5)O,,
44275384,CC1=C(C=C(C=C1)Cl)N2CCN(CC2)CCCNC(=O)C3=CC=CC4=C3OC(=C(C4=O)C)C5=CC=CC=C5,,
44275505,COCC1=C([C@@H](C(C(=O)N1)C(=O)NCCCN2CCC(CC2)C3=CC=CC=N3)C4=CC(=C(C=C4)F)F)C(=O)OC,,
44275674,C[C@]12CCC3C(C1CC[C@@H]2C(=O)NC4=C(C=CC(=C4)C(F)(F)F)C(C)(C)C)CNC5=CC(=O)CC[C@]35C,,
44276538,CC(C)CN1CCN(CC1)C2=CC(=CC=C2)Cl,,
44278171,CN1C=NC=C1CN(CC2=CC(=CC=C2)Cl)C3=CC(=C(C=C3)C#N)C4=CC=CC5=CC=CC=C54,,
44278444,CCCC1=C(C2=C(CC(CC2)NS(=O)(=O)C3=CC=C(C=C3)Cl)C=C1)CCC(=O)O,,
44278453,C1CC2=C(CC1NS(=O)(=O)C3=CC=C(C=C3)Cl)C=CC(=C2CCC(=O)O)C4=CC=CC=C4,,
44278647,C1=CC=C(C=C1)CNC(=O)NC2=CC=C(O2)C(=O)NCC(=O)NC(CC(=O)O)C3=CC(=CC(=C3)Cl)Cl,,
44282950,CC1C2=C(C=CC3=C2C(=CC(N3)(C)C)C)C4=C(O1)C=CC(=C4)Cl,,
44283197,C1CNC(=NC1)NC2=CC=CC(=C2)C(=O)NC3=C(C=C(C=C3)/C=C/C(=O)O)Cl,,
44283971,COC1=CC=CC=C1C2=CC=C(C=C2)C[C@@H](C(=O)O)NC(=O)N3CCCN3S(=O)(=O)C4=CC(=CC(=C4)Cl)Cl,,
44285992,CN(C)CCCN1C2=C(C(=CC=C2)Cl)SC3=CC=CC=C31,,
44287318,CCC1=C2C(=CC(=C1)C#N)C(=C(C=N2)C(=O)OCC)NCC3=CC(=C(C=C3)OC)Cl,,
44288209,C[C@H](COC1=C(C=CC(=C1)F)F)NC(=O)C(C#N)C(C)(C)C,,
44288646,CCC1(C(C1(Cl)Cl)C)C(=O)N[C@H](C)C2=CC=C(C=C2)Cl,,
44288874,CC1=C([C@H](CC(=O)N1)C2=CC(=C(C=C2)F)F)C(=O)NCCCN3CCC(CC3)(C#N)C4=C(C=C(C=C4)F)F,,
44288945,CC1=C([C@H](CC(=O)N1)C2=CC(=C(C=C2)F)F)C(=O)NCCCN3CCC(CC3)C4=CC=C(C=C4)F,,
44289100,CC1=C([C@H](CC(=O)N1C)C2=CC(=C(C=C2)F)F)C(=O)NCCCN3CCC(CC3)C4=CC=C(C=C4)F,,
44289107,CC1=C([C@H](CC(=O)N1)C2=CC(=C(C=C2)F)F)C(=O)NCCCN3CCC(CC3)C4=CC=CC=C4C#N,,
44289618,CCNC(=O)COC1=C(C=C(C=C1)Cl)CNC(=O)CN2C(=CN=C(C2=O)NCCC3=CC=CC=C3)C,,
44289701,CNC(=O)C1=CC(=CC(=C1)C2=NN=NN2C)NC(=O)NCCCN3CCC[C@H](C3)CC4=CC=C(C=C4)F,,
44289715,CC1=CC(=CC(=C1)NC(=O)NCCCN2CCC[C@H](C2)CC3=CC=C(C=C3)F)C4=NN=NN4C,,
44289910,CN1C(=NN=N1)C2=CC(=CC(=C2)Br)NC(=O)NCCCN3CCC[C@H](C3)CC4=CC=C(C=C4)F,,
44289927,CN1C(=NN=N1)C2=CC(=CC=C2)NC(=O)NCCCN3CCC[C@H](C3)CC4=CC=C(C=C4)F,,
44290349,C1CN(CCC1C(=O)C2=CC=C(C=C2)F)CCN3C(=O)C4=C(C=C(C=C4)O)NC3=O,,
44293219,CC1=CC=C(C(=O)N1CC(=O)NCC2=C(N=C(C=C2)N)C)NS(=O)(=O)CC3=CC=C(C=C3)Cl,,
44293437,CCOC1=CC=CC=C1N2CCN(CC2)CCCCCCCN3C(=O)C(=C(C=N3)N4CCN(CC4)CCOC5=CC=CC=C5OC)Cl,,
44293438,CCOC1=CC=CC=C1N2CCN(CC2)CCCCCCCN3C(=O)C(=C(C=N3)N4CCN(CC4)CCOC5=CC=CC=C5OCC)Cl,,
44293633,CCOC1=CC=CC=C1N2CCN(CC2)CCCCCCCN3C(=O)C(=C(C=N3)N4CCN(CC4)C(=O)C5=CC=CO5)Cl,,
44293644,CCOC1=CC=CC=C1OCCN2CCN(CC2)C3=C(C(=O)N(N=C3)CCCCCCCN4CCN(CC4)C5=CC=CC=C5OC)Cl,,
44294957,C1CN(CCN1CCCNC(=O)N2C(C3=C(COC3=O)NC2=O)C4=CC(=C(C=C4)F)F)C5=CC=CC=C5[N+](=O)[O-],,
44295016,COCC1=C(C(N(C(=O)N1)C(=O)NCCCN2CCC(CC2)(C3=CC=CC=C3)C(=O)OC)C4=CC(=C(C=C4)F)F)C(=O)OC,,
44295711,CC1=C(C=C(C=C1)[C@H]2C[C@H]3CCC(C2C(=O)OC)N3)F,,
44295770,CN1[C@@H]2CCC1C([C@H](C2)C3=CC=C(C=C3)Cl)C4=CC(=NO4)C5=CC=CC=C5,,
44295896,CC1=C(C=CC(=C1)[C@H]2C[C@H]3CCC(C2C(=O)OC)N3C)Cl,,
44295975,CN1[C@@H]2CCC1C([C@H](C2)C3=CC=C(C=C3)Cl)C(=O)OC,,
44296390,COC(=O)[C@@H]([C@H]1CCCCN1)C2=CC(=C(C=C2)Cl)Cl,,
44297526,C1CC2C(C[C@H]1N2)C3=CN=C(C=C3)Cl,,
44298086,CC1=C(C=C2C(=C1Cl)CCN2C(=O)NC3=CN=C(C=C3)OC4=C(N=CC=C4)C)Cl,,
44298163,CC1=CC2=C(C=C1Cl)N(CC2)C(=O)NC3=CN=C(C=C3)OC4=C(C=CN=C4)Cl,,
44298173,CC1=C(C=NC=C1)OC2=NC=C(C=C2)NC(=O)N3CCC4=C3C=C(C(=C4)C)Cl,,
44298229,CC1=CC2=C(C=C1Cl)N(CC2)C(=O)NC3=CC(=C(N=C3)OC4=C(N=CC=C4)C)Cl,,
44298244,CC1=CC2=C(C=C1Br)N(CC2)C(=O)NC3=CN=C(C=C3)OC4=C(N=CC=C4)C,,
44298447,CC1=CNC(=O)N(C1=O)CCN2CCN(CC2)C3=C(C=C(C=C3)F)OCC(F)(F)F,,
44298611,CC1=C(NC(=O)N(C1=O)CCCN2CCN(CC2)C3=CC=CC=C3OCC(F)(F)F)C,,
44298624,CC1=CNC(=O)N(C1=O)CCCCN2CCN(CC2)C3=C(C=C(C=C3)F)OCC(F)(F)F,,
44298626,CC1=NNC(=O)N(C1=O)CCCN2CCN(CC2)C3=CC=CC=C3OCC(F)(F)F,,
44298650,C1CN(CCN1CCCN2C(=O)C(=CNC2=O)F)C3=C(C=C(C=C3)F)OCC(F)(F)F,,
44298664,C1CN(CCN1CCCN2C(=O)C3=CC=CC=C3NC2=O)C4=CC=CC=C4OCC(F)(F)F,,
44298746,CC1=CNC(=O)N(C1=O)CC2(CC2)CN3CCN(CC3)C4=CC=CC=C4OCC(F)(F)F,,
44298770,C1CN(CCN1CCCN2C(=O)C(=CNC2=O)Cl)C3=C(C=C(C=C3)F)OCC(F)(F)F,,
44298955,C1=CC=C(C(=C1)C2=CC(=O)C3=C(O2)C=CC(=C3)Br)[N+](=O)[O-],,
44299120,CN1[C@@H]2CC[C@H]1[C@@H](C2)C3=CN=C(C=C3)Cl,,
44299196,C1CC2C(CC1N2)C3=CC(=C(N=C3)Cl)Cl,,
44299973,COCC1=C([C@@H](N(C(=O)N1)C(=O)N[C@@H]2CC[C@H](C2)N3CCN(CC3)C4=CC=CC=C4C#N)C5=CC(=C(C=C5)F)F)C(=O)OC,,
44299974,COCC1=C([C@@H](N(C(=O)N1)C(=O)N[C@H]2CC[C@H](C2)N3CCN(CC3)C4=CC=CC=C4C#N)C5=CC(=C(C=C5)F)F)C(=O)OC,,
44300018,C1CCC2(C1)CC(=O)N(C(=O)C2)CCN3CCN(CC3)C4=CC=CC=C4Cl,,
44300087,COCC1=C([C@@H](N(C(=O)N1)C(=O)N[C@@H]2CC[C@H](C2)N3CCC(CC3)C4=CC=CC=C4C#N)C5=CC(=C(C=C5)F)F)C(=O)OC,,
44300107,COCC1=C([C@@H](N(C(=O)N1)C(=O)N[C@H]2CC[C@H](C2)N3CCC(CC3)C4=CC=CC=C4C#N)C5=CC(=C(C=C5)F)F)C(=O)OC,,
44300111,COCC1=C([C@@H](N(C(=O)N1)C(=O)N[C@@H]2CC[C@@H](C2)N3CCC(CC3)C4=CC=CC=N4)C5=CC(=C(C=C5)F)F)C(=O)OC,,
44300129,COCC1=C([C@@H](N(C(=O)N1)C(=O)N[C@@H]2CC[C@H](C2)N3CCC(CC3)C4=CC=CC=N4)C5=CC(=C(C=C5)F)F)C(=O)OC,,
44300165,COCC1=C([C@@H](N(C(=O)N1)C(=O)N[C@@H]2CC[C@@H](C2)N3CCC(CC3)C4=CC=CC=C4C#N)C5=CC(=C(C=C5)F)F)C(=O)OC,,
44303541,C1CN(CCC2=CC=CC=C21)CCOC3=C4CC(=O)NC4=C(C=C3)Cl,,
44303744,C1CN(CCN1CC2=CN=CN2CC3=CC=C(C=C3)C#N)C(=O)OCC4=CC=CC=C4CC(F)(F)F,,
44303758,COC1=C(C=C(C2=CC=CC=C21)Br)C(=O)NC3CCN(C3)C4C5CC6CC(C5)CC4C6,,
44304028,C1CN(CCN1CC2=CN=CN2CC3=CC=C(C=C3)C#N)C(=O)OCC4=CC=CC=C4Cl,,
44305171,CS(=O)(=O)C1=CC=C(C=C1)CC2=CC(=CC(=C2)CCNS(=O)(=O)C3=CC=C(C=C3)Cl)CCC(=O)O,,
44305347,COC1=CC=C(C=C1)CC2=CC(=CC(=C2)CCNS(=O)(=O)C3=CC=C(C=C3)Cl)CCC(=O)O,,
44305491,COC(=O)[C@@H]1[C@@H]\2C[C@H]3CCC1N3C/C2=C\C4=CC(=C(C=C4)Cl)Cl,,
44305537,C1=CC(=C(C=C1C2=CC=C(O2)C3=CC(=C(C=C3)N=C(N)N)Cl)Cl)N=C(N)N,,
44309330,CC1=CC(=CC(=C1N(CC2=CN=CC=C2)S(=O)(=O)C3=CC=C(C=C3)OC)C(=O)NO)C4=CC(=CC=C4)C(F)(F)F,,
44309876,C1CN(CCN1CCCCNC(=O)C2=CC3=C(N2)C=CC(=C3)F)C4=C(C(=CC=C4)Cl)Cl,,
44310337,CSC1=NC2=CC=CC=C2C3=NC(CN31)CN4CCN(CC4)C5=CC=CC=C5Cl,,
44310453,COC1=NC2=CC=CC=C2C3=NC(CN31)CN4CCN(CC4)C5=CC=CC=C5Cl,,
44312236,C1=COC(=C1)C(=O)C2=CC\3=C(C=C2)NC(=O)/C3=C\C4=CC(=C(C(=C4)Cl)O)Cl,,
44312781,C1C[C@H](N(C1)CC2=CC=C(C=C2)F)CNC(=O)C3=CC(=CC4=C3OCC4)I,,
44312967,C1CCN(C1)C(=O)C2=CC(=C(C=C2)NC(=O)C(C3=CC=CC=C3)OC4=CC=CC(=C4)C(=N)N)Br,,
44313156,C1CC2[C@H](CC1N2)C3=CN=C(C=C3)F,,
44313950,CCCCN1CCN(CC1)CCC2=CC(=C(C=C2)Cl)Cl,,
44314387,C1CN(CCN1)CCC2=CC(=C(C=C2)Cl)Cl,,
44314429,C1=CC(=C(C(=C1)Cl)C2=NC3=C(N2)C=C(C=C3)C[C@@H](C(=O)O)NC(=O)C4=C(C=CC=C4Cl)Cl)Cl,,
44314754,C1CCC(CC1)C[C@@H](C(=O)NCCC(=O)NCCNS(=O)(=O)N2CCOCC2)NC(=O)[C@H](CCCC3=CC=C(C=C3)Cl)CC(=O)NO,,
44314760,CN=C([C@@H]1CCN1S(=O)(=O)C2=CC(=CC(=C2)Cl)Cl)N[C@@H](CC3=CC=C(C=C3)C4=C(C=CC=C4OC)OC)C(=O)O,,
44314789,C1CCC(CC1)C[C@@H](C(=O)NCCC(=O)NCCC2=CC=C(C=C2)S(=O)(=O)N)NC(=O)[C@H](CCCC3=CC=C(C=C3)Cl)CC(=O)NO,,
44314841,C1CCC(CC1)C[C@@H](C(=O)NCCC(=O)NCCC(=O)O)NC(=O)[C@H](CCCC2=CC=C(C=C2)Cl)CC(=O)NO,,
44314974,C1CCC(CC1)C[C@@H](C(=O)NCCC(=O)NCCCCN2CCOCC2)NC(=O)[C@H](CCCC3=CC=C(C=C3)Cl)CC(=O)NO,,
44314999,COC(=O)CCNC(=O)CCNC(=O)[C@H](CC1CCCCC1)NC(=O)[C@H](CCCC2=CC=C(C=C2)Cl)CC(=O)NO,,
44315085,C1CCC(CC1)C[C@@H](C(=O)NCCC(=O)NCCC(=O)N2CCOCC2)NC(=O)[C@H](CCCC3=CC=C(C=C3)Cl)CC(=O)NO,,
44315244,CC(C)(C)[C@@H](C(=O)NC)NC(=O)C(CCC1=CC=C(C=C1)Cl)CP(=O)(CC2=CC=C(C=C2)CC3=CC=CC=C3)O,,
44315523,C1=C2C(=CC(=C1Cl)Cl)NC(=O)N(C2=O)O,,
44315786,C1=CC2=C(C=C1Cl)NC(=O)N(C2=O)O,,
44316965,C[C@@H]1C[C@H](CCN1C[C@@H](COC2=CC=CC3=C2C=CN3)O)C4=CC5=C(S4)C=CC(=C5)F,,
44317082,C[C@H]1C[C@@H](CCN1C[C@@H](COC2=CC=CC3=C2C=CN3)O)C4=CC5=C(S4)C=CC(=C5)F,,
44317095,C[C@H]1C[C@@H](CCN1C[C@@H](COC2=CC=CC3=C2C=CN3)O)C4=CC5=C(S4)C=CC(=C5)Cl,,
44317107,C[C@H]1C[C@@H](CCN1C[C@@H](COC2=CC=CC3=C2C=CN3)O)C4=CC5=C(S4)C=CC=C5Cl,,
44317121,C[C@H]1C[C@@H](CCN1C[C@@H](COC2=CC=CC3=C2C=CN3)O)C4=CC5=C(S4)C=C(C=C5)F,,
44317319,C1CN2CC3=C(C=CC(=C3)OC4=C(C=CC(=C4)CN5C=NC=C5CNC1C2=O)C#N)Br,,
44318981,CN1CCC[C@H]1COC2=CC(=CN=C2)Cl,,
